-- phpMyAdmin SQL Dump
-- version 5.2.1
-- https://www.phpmyadmin.net/
--
-- Servidor: localhost:3306
-- Tiempo de generación: 28-03-2023 a las 21:47:09
-- Versión del servidor: 8.0.30
-- Versión de PHP: 8.1.10

SET SQL_MODE = "NO_AUTO_VALUE_ON_ZERO";
START TRANSACTION;
SET time_zone = "+00:00";


/*!40101 SET @OLD_CHARACTER_SET_CLIENT=@@CHARACTER_SET_CLIENT */;
/*!40101 SET @OLD_CHARACTER_SET_RESULTS=@@CHARACTER_SET_RESULTS */;
/*!40101 SET @OLD_COLLATION_CONNECTION=@@COLLATION_CONNECTION */;
/*!40101 SET NAMES utf8mb4 */;

--
-- Base de datos: `desis_prueba`
--

-- --------------------------------------------------------

--
-- Estructura de tabla para la tabla `candidatos`
--

CREATE TABLE `candidatos` (
  `id_candidato` int NOT NULL,
  `Nombre_cadidato` varchar(255) NOT NULL,
  `comuna_id` int NOT NULL
) ENGINE=InnoDB DEFAULT CHARSET=utf8mb4 COLLATE=utf8mb4_0900_ai_ci;

--
-- Volcado de datos para la tabla `candidatos`
--

INSERT INTO `candidatos` (`id_candidato`, `Nombre_cadidato`, `comuna_id`) VALUES
(1, 'Juan Pérez', 1),
(2, 'JOSE', 1),
(3, 'ANTONIO', 2),
(4, 'JUAN', 3),
(5, 'MANUEL', 4),
(6, 'FRANCISCO', 5),
(7, 'LUIS', 6),
(8, 'JAVIER', 7),
(9, 'MIGUEL', 8),
(10, 'CARLOS', 9),
(11, 'ANGEL', 10),
(12, 'JESUS', 11),
(13, 'DAVID', 12),
(14, 'DANIEL', 13),
(15, 'PEDRO', 14),
(16, 'ALEJANDRO', 15),
(17, 'MARIA', 16),
(18, 'ALBERTO', 17),
(19, 'PABLO', 18),
(20, 'RAFAEL', 19),
(21, 'FERNANDO', 20),
(22, 'JORGE', 21),
(23, 'RAMON', 22),
(24, 'SERGIO', 23),
(25, 'ENRIQUE', 24),
(26, 'ANDRES', 25),
(27, 'DIEGO', 26),
(28, 'VICENTE', 27),
(29, 'ADRIAN', 28),
(30, 'VICTOR', 29),
(31, 'ALVARO', 30),
(32, 'IGNACIO', 31),
(33, 'RAUL', 32),
(34, 'EDUARDO', 33),
(35, 'IVAN', 34),
(36, 'OSCAR', 35),
(37, 'RUBEN', 36),
(38, 'JOAQUIN', 37),
(39, 'SANTIAGO', 38),
(40, 'MARIO', 39),
(41, 'ROBERTO', 40),
(42, 'GABRIEL', 41),
(43, 'ALFONSO', 42),
(44, 'MARCOS', 43),
(45, 'JAIME', 44),
(46, 'RICARDO', 45),
(47, 'JULIO', 46),
(48, 'EMILIO', 47),
(49, 'HUGO', 48),
(50, 'SALVADOR', 49),
(51, 'MARTIN', 50),
(52, 'GUILLERMO', 51),
(53, 'MOHAMED', 52),
(54, 'TOMAS', 53),
(55, 'NICOLAS', 54),
(56, 'JULIAN', 55),
(57, 'JORDI', 56),
(58, 'GONZALO', 57),
(59, 'AGUSTIN', 58),
(60, 'CRISTIAN', 59),
(61, 'CESAR', 60),
(62, 'FELIX', 61),
(63, 'MARC', 62),
(64, 'JOAN', 63),
(65, 'JOSEP', 64),
(66, 'SAMUEL', 65),
(67, 'SEBASTIAN', 66),
(68, 'LUCAS', 67),
(69, 'FELIPE', 68),
(70, 'HECTOR', 69),
(71, 'ISMAEL', 70),
(72, 'ALFREDO', 71),
(73, 'DOMINGO', 72),
(74, 'AITOR', 73),
(75, 'MARIANO', 74),
(76, 'ALEX', 75),
(77, 'RODRIGO', 76),
(78, 'IKER', 77),
(79, 'ALEXANDER', 78),
(80, 'MATEO', 79),
(81, 'XAVIER', 80),
(82, 'ESTEBAN', 81),
(83, 'MARCO', 82),
(84, 'ARTURO', 83),
(85, 'GREGORIO', 84),
(86, 'LORENZO', 85),
(87, 'BORJA', 86),
(88, 'ALBERT', 87),
(89, 'AARON', 88),
(90, 'DARIO', 89),
(91, 'JOEL', 90),
(92, 'EUGENIO', 91),
(93, 'CRISTOBAL', 92),
(94, 'ISAAC', 93),
(95, 'JONATHAN', 94),
(96, 'CHRISTIAN', 95),
(97, 'ERIC', 96),
(98, 'GERMAN', 97),
(99, 'PAU', 98),
(100, 'MOHAMMED', 99),
(101, 'ADOLFO', 100),
(102, 'MARIA', 101),
(103, 'CARMEN', 102),
(104, 'ANA', 103),
(105, 'ISABEL', 104),
(106, 'DOLORES', 105),
(107, 'PILAR', 106),
(108, 'TERESA', 107),
(109, 'ROSA', 108),
(110, 'JOSEFA', 109),
(111, 'CRISTINA', 110),
(112, 'ANGELES', 111),
(113, 'LAURA', 112),
(114, 'ANTONIA', 113),
(115, 'ELENA', 114),
(116, 'MARTA', 115),
(117, 'LUCIA', 116),
(118, 'FRANCISCA', 117),
(119, 'MERCEDES', 118),
(120, 'LUISA', 119),
(121, 'CONCEPCION', 120),
(122, 'ROSARIO', 121),
(123, 'JOSE', 122),
(124, 'PAULA', 123),
(125, 'SARA', 124),
(126, 'RAQUEL', 125),
(127, 'ROCIO', 126),
(128, 'EVA', 127),
(129, 'JUANA', 128),
(130, 'PATRICIA', 129),
(131, 'BEATRIZ', 130),
(132, 'MANUELA', 131),
(133, 'VICTORIA', 132),
(134, 'JULIA', 133),
(135, 'JESUS', 134),
(136, 'ANDREA', 135),
(137, 'BELEN', 136),
(138, 'ALBA', 137),
(139, 'SILVIA', 138),
(140, 'ESTHER', 139),
(141, 'ENCARNACION', 140),
(142, 'NURIA', 141),
(143, 'IRENE', 142),
(144, 'MONTSERRAT', 143),
(145, 'ANGELA', 144),
(146, 'SANDRA', 145),
(147, 'MONICA', 146),
(148, 'INMACULADA', 147),
(149, 'ALICIA', 148),
(150, 'YOLANDA', 149),
(151, 'MAR', 150),
(152, 'SONIA', 151),
(153, 'MARINA', 152),
(154, 'SUSANA', 153),
(155, 'SOFIA', 154),
(156, 'MARGARITA', 155),
(157, 'NATALIA', 156),
(158, 'CLAUDIA', 157),
(159, 'CAROLINA', 158),
(160, 'INES', 159),
(161, 'ALEJANDRA', 160),
(162, 'AMPARO', 161),
(163, 'GLORIA', 162),
(164, 'CARLA', 163),
(165, 'VERONICA', 164),
(166, 'DANIELA', 165),
(167, 'NIEVES', 166),
(168, 'LOURDES', 167),
(169, 'SOLEDAD', 168),
(170, 'LUZ', 169),
(171, 'NOELIA', 170),
(172, 'LORENA', 171),
(173, 'FATIMA', 172),
(174, 'BEGOÑA', 173),
(175, 'BLANCA', 174),
(176, 'OLGA', 175),
(177, 'NEREA', 176),
(178, 'MIRIAM', 177),
(179, 'CONSUELO', 178),
(180, 'ASUNCION', 179),
(181, 'CLARA', 180),
(182, 'MILAGROS', 181),
(183, 'ESPERANZA', 182),
(184, 'LIDIA', 183),
(185, 'CATALINA', 184),
(186, 'MARTINA', 185),
(187, 'CELIA', 186),
(188, 'ADRIANA', 187),
(189, 'ANNA', 188),
(190, 'AURORA', 189),
(191, 'MAGDALENA', 190),
(192, 'EMILIA', 191),
(193, 'ELISA', 192),
(194, 'VANESA', 193),
(195, 'VIRGINIA', 194),
(196, 'EUGENIA', 195),
(197, 'AINHOA', 196),
(198, 'GEMA', 197),
(199, 'DIANA', 198),
(200, 'JOSEFINA', 199),
(201, 'JOSE', 200),
(202, 'ANTONIO', 201),
(203, 'JUAN', 202),
(204, 'MANUEL', 203),
(205, 'FRANCISCO', 204),
(206, 'LUIS', 205),
(207, 'JAVIER', 206),
(208, 'MIGUEL', 207),
(209, 'CARLOS', 208),
(210, 'ANGEL', 209),
(211, 'JESUS', 210),
(212, 'DAVID', 211),
(213, 'DANIEL', 212),
(214, 'PEDRO', 213),
(215, 'ALEJANDRO', 214),
(216, 'MARIA', 215),
(217, 'ALBERTO', 216),
(218, 'PABLO', 217),
(219, 'RAFAEL', 218),
(220, 'FERNANDO', 219),
(221, 'JORGE', 220),
(222, 'RAMON', 221),
(223, 'SERGIO', 222),
(224, 'ENRIQUE', 223),
(225, 'ANDRES', 224),
(226, 'DIEGO', 225),
(227, 'VICENTE', 226),
(228, 'ADRIAN', 227),
(229, 'VICTOR', 228),
(230, 'ALVARO', 229),
(231, 'IGNACIO', 230),
(232, 'RAUL', 231),
(233, 'EDUARDO', 232),
(234, 'IVAN', 233),
(235, 'OSCAR', 234),
(236, 'RUBEN', 235),
(237, 'JOAQUIN', 236),
(238, 'SANTIAGO', 237),
(239, 'MARIO', 238),
(240, 'ROBERTO', 239),
(241, 'GABRIEL', 240),
(242, 'ALFONSO', 241),
(243, 'MARCOS', 242),
(244, 'JAIME', 243),
(245, 'RICARDO', 244),
(246, 'JULIO', 245),
(247, 'EMILIO', 246),
(248, 'HUGO', 247),
(249, 'SALVADOR', 248),
(250, 'MARTIN', 249),
(251, 'GUILLERMO', 250),
(252, 'MOHAMED', 251),
(253, 'TOMAS', 252),
(254, 'NICOLAS', 253),
(255, 'JULIAN', 254),
(256, 'JORDI', 255),
(257, 'GONZALO', 256),
(258, 'AGUSTIN', 257),
(259, 'CRISTIAN', 258),
(260, 'CESAR', 259),
(261, 'FELIX', 260),
(262, 'MARC', 261),
(263, 'JOAN', 262),
(264, 'JOSEP', 263),
(265, 'SAMUEL', 264),
(266, 'SEBASTIAN', 265),
(267, 'LUCAS', 266),
(268, 'FELIPE', 267),
(269, 'HECTOR', 268),
(270, 'ISMAEL', 269),
(271, 'ALFREDO', 270),
(272, 'DOMINGO', 271),
(273, 'AITOR', 272),
(274, 'MARIANO', 273),
(275, 'ALEX', 274),
(276, 'RODRIGO', 275),
(277, 'IKER', 276),
(278, 'ALEXANDER', 277),
(279, 'MATEO', 278),
(280, 'XAVIER', 279),
(281, 'ESTEBAN', 280),
(282, 'MARCO', 281),
(283, 'ARTURO', 282),
(284, 'GREGORIO', 283),
(285, 'LORENZO', 284),
(286, 'BORJA', 285),
(287, 'ALBERT', 286),
(288, 'AARON', 287),
(289, 'DARIO', 288),
(290, 'JOEL', 289),
(291, 'EUGENIO', 290),
(292, 'CRISTOBAL', 291),
(293, 'ISAAC', 292),
(294, 'JONATHAN', 293),
(295, 'CHRISTIAN', 294),
(296, 'ERIC', 295),
(297, 'GERMAN', 296),
(298, 'PAU', 297),
(299, 'MOHAMMED', 298),
(300, 'ADOLFO', 299),
(301, 'MARIA', 300),
(302, 'CARMEN', 301),
(303, 'ANA', 302),
(304, 'ISABEL', 303),
(305, 'DOLORES', 304),
(306, 'PILAR', 305),
(307, 'TERESA', 306),
(308, 'ROSA', 307),
(309, 'JOSEFA', 308),
(310, 'CRISTINA', 309),
(311, 'ANGELES', 310),
(312, 'LAURA', 311),
(313, 'ANTONIA', 312),
(314, 'ELENA', 313),
(315, 'MARTA', 314),
(316, 'LUCIA', 315),
(317, 'FRANCISCA', 316),
(318, 'MERCEDES', 317),
(319, 'LUISA', 318),
(320, 'CONCEPCION', 319),
(321, 'ROSARIO', 320),
(322, 'JOSE', 321),
(323, 'PAULA', 322),
(324, 'SARA', 323),
(325, 'RAQUEL', 324),
(326, 'ROCIO', 325),
(327, 'EVA', 326),
(328, 'JUANA', 327),
(329, 'PATRICIA', 328),
(330, 'BEATRIZ', 329),
(331, 'MANUELA', 330),
(332, 'VICTORIA', 331),
(333, 'JULIA', 332),
(334, 'JESUS', 333),
(335, 'ANDREA', 334),
(336, 'BELEN', 335),
(337, 'ALBA', 336),
(338, 'SILVIA', 337),
(339, 'ESTHER', 338),
(340, 'ENCARNACION', 339),
(341, 'NURIA', 340),
(342, 'IRENE', 341),
(343, 'MONTSERRAT', 342),
(344, 'ANGELA', 343),
(345, 'SANDRA', 344),
(346, 'MONICA', 345),
(347, 'INMACULADA', 1),
(348, 'ALICIA', 2),
(349, 'YOLANDA', 3),
(350, 'MAR', 4),
(351, 'SONIA', 5),
(352, 'MARINA', 6),
(353, 'SUSANA', 7),
(354, 'SOFIA', 8),
(355, 'MARGARITA', 9),
(356, 'NATALIA', 10),
(357, 'CLAUDIA', 11),
(358, 'CAROLINA', 12),
(359, 'INES', 13),
(360, 'ALEJANDRA', 14),
(361, 'AMPARO', 15),
(362, 'GLORIA', 16),
(363, 'CARLA', 17),
(364, 'VERONICA', 18),
(365, 'DANIELA', 19),
(366, 'NIEVES', 20),
(367, 'LOURDES', 21),
(368, 'SOLEDAD', 22),
(369, 'LUZ', 23),
(370, 'NOELIA', 24),
(371, 'LORENA', 25),
(372, 'FATIMA', 26),
(373, 'BEGOÑA', 27),
(374, 'BLANCA', 28),
(375, 'OLGA', 29),
(376, 'NEREA', 30),
(377, 'MIRIAM', 31),
(378, 'CONSUELO', 32),
(379, 'ASUNCION', 33),
(380, 'CLARA', 34),
(381, 'MILAGROS', 35),
(382, 'ESPERANZA', 36),
(383, 'LIDIA', 37),
(384, 'CATALINA', 38),
(385, 'MARTINA', 39),
(386, 'CELIA', 40),
(387, 'ADRIANA', 41),
(388, 'ANNA', 42),
(389, 'AURORA', 43),
(390, 'MAGDALENA', 44),
(391, 'EMILIA', 45),
(392, 'ELISA', 46),
(393, 'VANESA', 47),
(394, 'VIRGINIA', 48),
(395, 'EUGENIA', 49),
(396, 'AINHOA', 50),
(397, 'GEMA', 51),
(398, 'DIANA', 52),
(399, 'JOSEFINA', 53),
(400, 'JOSE', 54),
(401, 'ANTONIO', 55),
(402, 'JUAN', 56),
(403, 'MANUEL', 57),
(404, 'FRANCISCO', 58),
(405, 'LUIS', 59),
(406, 'JAVIER', 60),
(407, 'MIGUEL', 61),
(408, 'CARLOS', 62),
(409, 'ANGEL', 63),
(410, 'JESUS', 64),
(411, 'DAVID', 65),
(412, 'DANIEL', 66),
(413, 'PEDRO', 67),
(414, 'ALEJANDRO', 68),
(415, 'MARIA', 69),
(416, 'ALBERTO', 70),
(417, 'PABLO', 71),
(418, 'RAFAEL', 72),
(419, 'FERNANDO', 73),
(420, 'JORGE', 74),
(421, 'RAMON', 75),
(422, 'SERGIO', 76),
(423, 'ENRIQUE', 77),
(424, 'ANDRES', 78),
(425, 'DIEGO', 79),
(426, 'VICENTE', 80),
(427, 'ADRIAN', 81),
(428, 'VICTOR', 82),
(429, 'ALVARO', 83),
(430, 'IGNACIO', 84),
(431, 'RAUL', 85),
(432, 'EDUARDO', 86),
(433, 'IVAN', 87),
(434, 'OSCAR', 88),
(435, 'RUBEN', 89),
(436, 'JOAQUIN', 90),
(437, 'SANTIAGO', 91),
(438, 'MARIO', 92),
(439, 'ROBERTO', 93),
(440, 'GABRIEL', 94),
(441, 'ALFONSO', 95),
(442, 'MARCOS', 96),
(443, 'JAIME', 97),
(444, 'RICARDO', 98),
(445, 'JULIO', 99),
(446, 'EMILIO', 100),
(447, 'HUGO', 101),
(448, 'SALVADOR', 102),
(449, 'MARTIN', 103),
(450, 'GUILLERMO', 104),
(451, 'MOHAMED', 105),
(452, 'TOMAS', 106),
(453, 'NICOLAS', 107),
(454, 'JULIAN', 108),
(455, 'JORDI', 109),
(456, 'GONZALO', 110),
(457, 'AGUSTIN', 111),
(458, 'CRISTIAN', 112),
(459, 'CESAR', 113),
(460, 'FELIX', 114),
(461, 'MARC', 115),
(462, 'JOAN', 116),
(463, 'JOSEP', 117),
(464, 'SAMUEL', 118),
(465, 'SEBASTIAN', 119),
(466, 'LUCAS', 120),
(467, 'FELIPE', 121),
(468, 'HECTOR', 122),
(469, 'ISMAEL', 123),
(470, 'ALFREDO', 124),
(471, 'DOMINGO', 125),
(472, 'AITOR', 126),
(473, 'MARIANO', 127),
(474, 'ALEX', 128),
(475, 'RODRIGO', 129),
(476, 'IKER', 130),
(477, 'ALEXANDER', 131),
(478, 'MATEO', 132),
(479, 'XAVIER', 133),
(480, 'ESTEBAN', 134),
(481, 'MARCO', 135),
(482, 'ARTURO', 136),
(483, 'GREGORIO', 137),
(484, 'LORENZO', 138),
(485, 'BORJA', 139),
(486, 'ALBERT', 140),
(487, 'AARON', 141),
(488, 'DARIO', 142),
(489, 'JOEL', 143),
(490, 'EUGENIO', 144),
(491, 'CRISTOBAL', 145),
(492, 'ISAAC', 146),
(493, 'JONATHAN', 147),
(494, 'CHRISTIAN', 148),
(495, 'ERIC', 149),
(496, 'GERMAN', 150),
(497, 'PAU', 151),
(498, 'MOHAMMED', 152),
(499, 'ADOLFO', 153),
(500, 'MARIA', 154),
(501, 'CARMEN', 155),
(502, 'ANA', 156),
(503, 'ISABEL', 157),
(504, 'DOLORES', 158),
(505, 'PILAR', 159),
(506, 'TERESA', 160),
(507, 'ROSA', 161),
(508, 'JOSEFA', 162),
(509, 'CRISTINA', 163),
(510, 'ANGELES', 164),
(511, 'LAURA', 165),
(512, 'ANTONIA', 166),
(513, 'ELENA', 167),
(514, 'MARTA', 168),
(515, 'LUCIA', 169),
(516, 'FRANCISCA', 170),
(517, 'MERCEDES', 171),
(518, 'LUISA', 172),
(519, 'CONCEPCION', 173),
(520, 'ROSARIO', 174),
(521, 'JOSE', 175),
(522, 'PAULA', 176),
(523, 'SARA', 177),
(524, 'RAQUEL', 178),
(525, 'ROCIO', 179),
(526, 'EVA', 180),
(527, 'JUANA', 181),
(528, 'PATRICIA', 182),
(529, 'BEATRIZ', 183),
(530, 'MANUELA', 184),
(531, 'VICTORIA', 185),
(532, 'JULIA', 186),
(533, 'JESUS', 187),
(534, 'ANDREA', 188),
(535, 'BELEN', 189),
(536, 'ALBA', 190),
(537, 'SILVIA', 191),
(538, 'ESTHER', 192),
(539, 'ENCARNACION', 193),
(540, 'NURIA', 194),
(541, 'IRENE', 195),
(542, 'MONTSERRAT', 196),
(543, 'ANGELA', 197),
(544, 'SANDRA', 198),
(545, 'MONICA', 199),
(546, 'INMACULADA', 200),
(547, 'ALICIA', 201),
(548, 'YOLANDA', 202),
(549, 'MAR', 203),
(550, 'SONIA', 204),
(551, 'MARINA', 205),
(552, 'SUSANA', 206),
(553, 'SOFIA', 207),
(554, 'MARGARITA', 208),
(555, 'NATALIA', 209),
(556, 'CLAUDIA', 210),
(557, 'CAROLINA', 211),
(558, 'INES', 212),
(559, 'ALEJANDRA', 213),
(560, 'AMPARO', 214),
(561, 'GLORIA', 215),
(562, 'CARLA', 216),
(563, 'VERONICA', 217),
(564, 'DANIELA', 218),
(565, 'NIEVES', 219),
(566, 'LOURDES', 220),
(567, 'SOLEDAD', 221),
(568, 'LUZ', 222),
(569, 'NOELIA', 223),
(570, 'LORENA', 224),
(571, 'FATIMA', 225),
(572, 'BEGOÑA', 226),
(573, 'BLANCA', 227),
(574, 'OLGA', 228),
(575, 'NEREA', 229),
(576, 'MIRIAM', 230),
(577, 'CONSUELO', 231),
(578, 'ASUNCION', 232),
(579, 'CLARA', 233),
(580, 'MILAGROS', 234),
(581, 'ESPERANZA', 235),
(582, 'LIDIA', 236),
(583, 'CATALINA', 237),
(584, 'MARTINA', 238),
(585, 'CELIA', 239),
(586, 'ADRIANA', 240),
(587, 'ANNA', 241),
(588, 'AURORA', 242),
(589, 'MAGDALENA', 243),
(590, 'EMILIA', 244),
(591, 'ELISA', 245),
(592, 'VANESA', 246),
(593, 'VIRGINIA', 247),
(594, 'EUGENIA', 248),
(595, 'AINHOA', 249),
(596, 'GEMA', 250),
(597, 'DIANA', 251),
(598, 'JOSEFINA', 252),
(599, 'JOSE', 253),
(600, 'ANTONIO', 254),
(601, 'JUAN', 255),
(602, 'MANUEL', 256),
(603, 'FRANCISCO', 257),
(604, 'LUIS', 258),
(605, 'JAVIER', 259),
(606, 'MIGUEL', 260),
(607, 'CARLOS', 261),
(608, 'ANGEL', 262),
(609, 'JESUS', 263),
(610, 'DAVID', 264),
(611, 'DANIEL', 265),
(612, 'PEDRO', 266),
(613, 'ALEJANDRO', 267),
(614, 'MARIA', 268),
(615, 'ALBERTO', 269),
(616, 'PABLO', 270),
(617, 'RAFAEL', 271),
(618, 'FERNANDO', 272),
(619, 'JORGE', 273),
(620, 'RAMON', 274),
(621, 'SERGIO', 275),
(622, 'ENRIQUE', 276),
(623, 'ANDRES', 277),
(624, 'DIEGO', 278),
(625, 'VICENTE', 279),
(626, 'ADRIAN', 280),
(627, 'VICTOR', 281),
(628, 'ALVARO', 282),
(629, 'IGNACIO', 283),
(630, 'RAUL', 284),
(631, 'EDUARDO', 285),
(632, 'IVAN', 286),
(633, 'OSCAR', 287),
(634, 'RUBEN', 288),
(635, 'JOAQUIN', 289),
(636, 'SANTIAGO', 290),
(637, 'MARIO', 291),
(638, 'ROBERTO', 292),
(639, 'GABRIEL', 293),
(640, 'ALFONSO', 294),
(641, 'MARCOS', 295),
(642, 'JAIME', 296),
(643, 'RICARDO', 297),
(644, 'JULIO', 298),
(645, 'EMILIO', 299),
(646, 'HUGO', 300),
(647, 'SALVADOR', 301),
(648, 'MARTIN', 302),
(649, 'GUILLERMO', 303),
(650, 'MOHAMED', 304),
(651, 'TOMAS', 305),
(652, 'NICOLAS', 306),
(653, 'JULIAN', 307),
(654, 'JORDI', 308),
(655, 'GONZALO', 309),
(656, 'AGUSTIN', 310),
(657, 'CRISTIAN', 311),
(658, 'CESAR', 312),
(659, 'FELIX', 313),
(660, 'MARC', 314),
(661, 'JOAN', 315),
(662, 'JOSEP', 316),
(663, 'SAMUEL', 317),
(664, 'SEBASTIAN', 318),
(665, 'LUCAS', 319),
(666, 'FELIPE', 320),
(667, 'HECTOR', 321),
(668, 'ISMAEL', 322),
(669, 'ALFREDO', 323),
(670, 'DOMINGO', 324),
(671, 'AITOR', 325),
(672, 'MARIANO', 326),
(673, 'ALEX', 327),
(674, 'RODRIGO', 328),
(675, 'IKER', 329),
(676, 'ALEXANDER', 330),
(677, 'MATEO', 331),
(678, 'XAVIER', 332),
(679, 'ESTEBAN', 333),
(680, 'MARCO', 334),
(681, 'ARTURO', 335),
(682, 'GREGORIO', 336),
(683, 'LORENZO', 337),
(684, 'BORJA', 338),
(685, 'ALBERT', 339),
(686, 'AARON', 340),
(687, 'DARIO', 341),
(688, 'JOEL', 342),
(689, 'EUGENIO', 343),
(690, 'CRISTOBAL', 344),
(691, 'ISAAC', 345);

-- --------------------------------------------------------

--
-- Estructura de tabla para la tabla `comunas`
--

CREATE TABLE `comunas` (
  `comuna_id` int NOT NULL,
  `comuna_nombre` varchar(64) NOT NULL,
  `provincia_id` int NOT NULL
) ENGINE=MyISAM DEFAULT CHARSET=utf8mb3;

--
-- Volcado de datos para la tabla `comunas`
--

INSERT INTO `comunas` (`comuna_id`, `comuna_nombre`, `provincia_id`) VALUES
(1, 'Arica', 1),
(2, 'Camarones', 1),
(3, 'General Lagos', 2),
(4, 'Putre', 2),
(5, 'Alto Hospicio', 3),
(6, 'Iquique', 3),
(7, 'Camiña', 4),
(8, 'Colchane', 4),
(9, 'Huara', 4),
(10, 'Pica', 4),
(11, 'Pozo Almonte', 4),
(12, 'Antofagasta', 5),
(13, 'Mejillones', 5),
(14, 'Sierra Gorda', 5),
(15, 'Taltal', 5),
(16, 'Calama', 6),
(17, 'Ollague', 6),
(18, 'San Pedro de Atacama', 6),
(19, 'María Elena', 7),
(20, 'Tocopilla', 7),
(21, 'Chañaral', 8),
(22, 'Diego de Almagro', 8),
(23, 'Caldera', 9),
(24, 'Copiapó', 9),
(25, 'Tierra Amarilla', 9),
(26, 'Alto del Carmen', 10),
(27, 'Freirina', 10),
(28, 'Huasco', 10),
(29, 'Vallenar', 10),
(30, 'Canela', 11),
(31, 'Illapel', 11),
(32, 'Los Vilos', 11),
(33, 'Salamanca', 11),
(34, 'Andacollo', 12),
(35, 'Coquimbo', 12),
(36, 'La Higuera', 12),
(37, 'La Serena', 12),
(38, 'Paihuaco', 12),
(39, 'Vicuña', 12),
(40, 'Combarbalá', 13),
(41, 'Monte Patria', 13),
(42, 'Ovalle', 13),
(43, 'Punitaqui', 13),
(44, 'Río Hurtado', 13),
(45, 'Isla de Pascua', 14),
(46, 'Calle Larga', 15),
(47, 'Los Andes', 15),
(48, 'Rinconada', 15),
(49, 'San Esteban', 15),
(50, 'La Ligua', 16),
(51, 'Papudo', 16),
(52, 'Petorca', 16),
(53, 'Zapallar', 16),
(54, 'Hijuelas', 17),
(55, 'La Calera', 17),
(56, 'La Cruz', 17),
(57, 'Limache', 17),
(58, 'Nogales', 17),
(59, 'Olmué', 17),
(60, 'Quillota', 17),
(61, 'Algarrobo', 18),
(62, 'Cartagena', 18),
(63, 'El Quisco', 18),
(64, 'El Tabo', 18),
(65, 'San Antonio', 18),
(66, 'Santo Domingo', 18),
(67, 'Catemu', 19),
(68, 'Llaillay', 19),
(69, 'Panquehue', 19),
(70, 'Putaendo', 19),
(71, 'San Felipe', 19),
(72, 'Santa María', 19),
(73, 'Casablanca', 20),
(74, 'Concón', 20),
(75, 'Juan Fernández', 20),
(76, 'Puchuncaví', 20),
(77, 'Quilpué', 20),
(78, 'Quintero', 20),
(79, 'Valparaíso', 20),
(80, 'Villa Alemana', 20),
(81, 'Viña del Mar', 20),
(82, 'Colina', 21),
(83, 'Lampa', 21),
(84, 'Tiltil', 21),
(85, 'Pirque', 22),
(86, 'Puente Alto', 22),
(87, 'San José de Maipo', 22),
(88, 'Buin', 23),
(89, 'Calera de Tango', 23),
(90, 'Paine', 23),
(91, 'San Bernardo', 23),
(92, 'Alhué', 24),
(93, 'Curacaví', 24),
(94, 'María Pinto', 24),
(95, 'Melipilla', 24),
(96, 'San Pedro', 24),
(97, 'Cerrillos', 25),
(98, 'Cerro Navia', 25),
(99, 'Conchalí', 25),
(100, 'El Bosque', 25),
(101, 'Estación Central', 25),
(102, 'Huechuraba', 25),
(103, 'Independencia', 25),
(104, 'La Cisterna', 25),
(105, 'La Granja', 25),
(106, 'La Florida', 25),
(107, 'La Pintana', 25),
(108, 'La Reina', 25),
(109, 'Las Condes', 25),
(110, 'Lo Barnechea', 25),
(111, 'Lo Espejo', 25),
(112, 'Lo Prado', 25),
(113, 'Macul', 25),
(114, 'Maipú', 25),
(115, 'Ñuñoa', 25),
(116, 'Pedro Aguirre Cerda', 25),
(117, 'Peñalolén', 25),
(118, 'Providencia', 25),
(119, 'Pudahuel', 25),
(120, 'Quilicura', 25),
(121, 'Quinta Normal', 25),
(122, 'Recoleta', 25),
(123, 'Renca', 25),
(124, 'San Miguel', 25),
(125, 'San Joaquín', 25),
(126, 'San Ramón', 25),
(127, 'Santiago', 25),
(128, 'Vitacura', 25),
(129, 'El Monte', 26),
(130, 'Isla de Maipo', 26),
(131, 'Padre Hurtado', 26),
(132, 'Peñaflor', 26),
(133, 'Talagante', 26),
(134, 'Codegua', 27),
(135, 'Coínco', 27),
(136, 'Coltauco', 27),
(137, 'Doñihue', 27),
(138, 'Graneros', 27),
(139, 'Las Cabras', 27),
(140, 'Machalí', 27),
(141, 'Malloa', 27),
(142, 'Mostazal', 27),
(143, 'Olivar', 27),
(144, 'Peumo', 27),
(145, 'Pichidegua', 27),
(146, 'Quinta de Tilcoco', 27),
(147, 'Rancagua', 27),
(148, 'Rengo', 27),
(149, 'Requínoa', 27),
(150, 'San Vicente de Tagua Tagua', 27),
(151, 'La Estrella', 28),
(152, 'Litueche', 28),
(153, 'Marchihue', 28),
(154, 'Navidad', 28),
(155, 'Peredones', 28),
(156, 'Pichilemu', 28),
(157, 'Chépica', 29),
(158, 'Chimbarongo', 29),
(159, 'Lolol', 29),
(160, 'Nancagua', 29),
(161, 'Palmilla', 29),
(162, 'Peralillo', 29),
(163, 'Placilla', 29),
(164, 'Pumanque', 29),
(165, 'San Fernando', 29),
(166, 'Santa Cruz', 29),
(167, 'Cauquenes', 30),
(168, 'Chanco', 30),
(169, 'Pelluhue', 30),
(170, 'Curicó', 31),
(171, 'Hualañé', 31),
(172, 'Licantén', 31),
(173, 'Molina', 31),
(174, 'Rauco', 31),
(175, 'Romeral', 31),
(176, 'Sagrada Familia', 31),
(177, 'Teno', 31),
(178, 'Vichuquén', 31),
(179, 'Colbún', 32),
(180, 'Linares', 32),
(181, 'Longaví', 32),
(182, 'Parral', 32),
(183, 'Retiro', 32),
(184, 'San Javier', 32),
(185, 'Villa Alegre', 32),
(186, 'Yerbas Buenas', 32),
(187, 'Constitución', 33),
(188, 'Curepto', 33),
(189, 'Empedrado', 33),
(190, 'Maule', 33),
(191, 'Pelarco', 33),
(192, 'Pencahue', 33),
(193, 'Río Claro', 33),
(194, 'San Clemente', 33),
(195, 'San Rafael', 33),
(196, 'Talca', 33),
(197, 'Arauco', 34),
(198, 'Cañete', 34),
(199, 'Contulmo', 34),
(200, 'Curanilahue', 34),
(201, 'Lebu', 34),
(202, 'Los Álamos', 34),
(203, 'Tirúa', 34),
(204, 'Alto Biobío', 35),
(205, 'Antuco', 35),
(206, 'Cabrero', 35),
(207, 'Laja', 35),
(208, 'Los Ángeles', 35),
(209, 'Mulchén', 35),
(210, 'Nacimiento', 35),
(211, 'Negrete', 35),
(212, 'Quilaco', 35),
(213, 'Quilleco', 35),
(214, 'San Rosendo', 35),
(215, 'Santa Bárbara', 35),
(216, 'Tucapel', 35),
(217, 'Yumbel', 35),
(218, 'Chiguayante', 36),
(219, 'Concepción', 36),
(220, 'Coronel', 36),
(221, 'Florida', 36),
(222, 'Hualpén', 36),
(223, 'Hualqui', 36),
(224, 'Lota', 36),
(225, 'Penco', 36),
(226, 'San Pedro de La Paz', 36),
(227, 'Santa Juana', 36),
(228, 'Talcahuano', 36),
(229, 'Tomé', 36),
(230, 'Bulnes', 37),
(231, 'Chillán', 37),
(232, 'Chillán Viejo', 37),
(233, 'Cobquecura', 37),
(234, 'Coelemu', 37),
(235, 'Coihueco', 37),
(236, 'El Carmen', 37),
(237, 'Ninhue', 37),
(238, 'Ñiquen', 37),
(239, 'Pemuco', 37),
(240, 'Pinto', 37),
(241, 'Portezuelo', 37),
(242, 'Quillón', 37),
(243, 'Quirihue', 37),
(244, 'Ránquil', 37),
(245, 'San Carlos', 37),
(246, 'San Fabián', 37),
(247, 'San Ignacio', 37),
(248, 'San Nicolás', 37),
(249, 'Treguaco', 37),
(250, 'Yungay', 37),
(251, 'Carahue', 38),
(252, 'Cholchol', 38),
(253, 'Cunco', 38),
(254, 'Curarrehue', 38),
(255, 'Freire', 38),
(256, 'Galvarino', 38),
(257, 'Gorbea', 38),
(258, 'Lautaro', 38),
(259, 'Loncoche', 38),
(260, 'Melipeuco', 38),
(261, 'Nueva Imperial', 38),
(262, 'Padre Las Casas', 38),
(263, 'Perquenco', 38),
(264, 'Pitrufquén', 38),
(265, 'Pucón', 38),
(266, 'Saavedra', 38),
(267, 'Temuco', 38),
(268, 'Teodoro Schmidt', 38),
(269, 'Toltén', 38),
(270, 'Vilcún', 38),
(271, 'Villarrica', 38),
(272, 'Angol', 39),
(273, 'Collipulli', 39),
(274, 'Curacautín', 39),
(275, 'Ercilla', 39),
(276, 'Lonquimay', 39),
(277, 'Los Sauces', 39),
(278, 'Lumaco', 39),
(279, 'Purén', 39),
(280, 'Renaico', 39),
(281, 'Traiguén', 39),
(282, 'Victoria', 39),
(283, 'Corral', 40),
(284, 'Lanco', 40),
(285, 'Los Lagos', 40),
(286, 'Máfil', 40),
(287, 'Mariquina', 40),
(288, 'Paillaco', 40),
(289, 'Panguipulli', 40),
(290, 'Valdivia', 40),
(291, 'Futrono', 41),
(292, 'La Unión', 41),
(293, 'Lago Ranco', 41),
(294, 'Río Bueno', 41),
(295, 'Ancud', 42),
(296, 'Castro', 42),
(297, 'Chonchi', 42),
(298, 'Curaco de Vélez', 42),
(299, 'Dalcahue', 42),
(300, 'Puqueldón', 42),
(301, 'Queilén', 42),
(302, 'Quemchi', 42),
(303, 'Quellón', 42),
(304, 'Quinchao', 42),
(305, 'Calbuco', 43),
(306, 'Cochamó', 43),
(307, 'Fresia', 43),
(308, 'Frutillar', 43),
(309, 'Llanquihue', 43),
(310, 'Los Muermos', 43),
(311, 'Maullín', 43),
(312, 'Puerto Montt', 43),
(313, 'Puerto Varas', 43),
(314, 'Osorno', 44),
(315, 'Puero Octay', 44),
(316, 'Purranque', 44),
(317, 'Puyehue', 44),
(318, 'Río Negro', 44),
(319, 'San Juan de la Costa', 44),
(320, 'San Pablo', 44),
(321, 'Chaitén', 45),
(322, 'Futaleufú', 45),
(323, 'Hualaihué', 45),
(324, 'Palena', 45),
(325, 'Aisén', 46),
(326, 'Cisnes', 46),
(327, 'Guaitecas', 46),
(328, 'Cochrane', 47),
(329, 'O\'higgins', 47),
(330, 'Tortel', 47),
(331, 'Coihaique', 48),
(332, 'Lago Verde', 48),
(333, 'Chile Chico', 49),
(334, 'Río Ibáñez', 49),
(335, 'Antártica', 50),
(336, 'Cabo de Hornos', 50),
(337, 'Laguna Blanca', 51),
(338, 'Punta Arenas', 51),
(339, 'Río Verde', 51),
(340, 'San Gregorio', 51),
(341, 'Porvenir', 52),
(342, 'Primavera', 52),
(343, 'Timaukel', 52),
(344, 'Natales', 53),
(345, 'Torres del Paine', 53);

-- --------------------------------------------------------

--
-- Estructura de tabla para la tabla `provincias`
--

CREATE TABLE `provincias` (
  `provincia_id` int NOT NULL,
  `provincia_nombre` varchar(64) NOT NULL,
  `region_id` int NOT NULL
) ENGINE=MyISAM DEFAULT CHARSET=utf8mb3;

--
-- Volcado de datos para la tabla `provincias`
--

INSERT INTO `provincias` (`provincia_id`, `provincia_nombre`, `region_id`) VALUES
(1, 'Arica', 1),
(2, 'Parinacota', 1),
(3, 'Iquique', 2),
(4, 'El Tamarugal', 2),
(5, 'Antofagasta', 3),
(6, 'El Loa', 3),
(7, 'Tocopilla', 3),
(8, 'Chañaral', 4),
(9, 'Copiapó', 4),
(10, 'Huasco', 4),
(11, 'Choapa', 5),
(12, 'Elqui', 5),
(13, 'Limarí', 5),
(14, 'Isla de Pascua', 6),
(15, 'Los Andes', 6),
(16, 'Petorca', 6),
(17, 'Quillota', 6),
(18, 'San Antonio', 6),
(19, 'San Felipe de Aconcagua', 6),
(20, 'Valparaiso', 6),
(21, 'Chacabuco', 7),
(22, 'Cordillera', 7),
(23, 'Maipo', 7),
(24, 'Melipilla', 7),
(25, 'Santiago', 7),
(26, 'Talagante', 7),
(27, 'Cachapoal', 8),
(28, 'Cardenal Caro', 8),
(29, 'Colchagua', 8),
(30, 'Cauquenes', 9),
(31, 'Curicó', 9),
(32, 'Linares', 9),
(33, 'Talca', 9),
(34, 'Arauco', 10),
(35, 'Bio Bío', 10),
(36, 'Concepción', 10),
(37, 'Ñuble', 10),
(38, 'Cautín', 11),
(39, 'Malleco', 11),
(40, 'Valdivia', 12),
(41, 'Ranco', 12),
(42, 'Chiloé', 13),
(43, 'Llanquihue', 13),
(44, 'Osorno', 13),
(45, 'Palena', 13),
(46, 'Aisén', 14),
(47, 'Capitán Prat', 14),
(48, 'Coihaique', 14),
(49, 'General Carrera', 14),
(50, 'Antártica Chilena', 15),
(51, 'Magallanes', 15),
(52, 'Tierra del Fuego', 15),
(53, 'Última Esperanza', 15);

-- --------------------------------------------------------

--
-- Estructura de tabla para la tabla `referencia_voto`
--

CREATE TABLE `referencia_voto` (
  `ID_Referencia` int NOT NULL,
  `ID_Voto` int NOT NULL,
  `Referencia` varchar(25) NOT NULL
) ENGINE=InnoDB DEFAULT CHARSET=utf8mb4 COLLATE=utf8mb4_0900_ai_ci;

-- --------------------------------------------------------

--
-- Estructura de tabla para la tabla `regiones`
--

CREATE TABLE `regiones` (
  `region_id` int NOT NULL,
  `region_nombre` varchar(64) NOT NULL,
  `region_ordinal` varchar(4) NOT NULL
) ENGINE=MyISAM DEFAULT CHARSET=utf8mb3;

--
-- Volcado de datos para la tabla `regiones`
--

INSERT INTO `regiones` (`region_id`, `region_nombre`, `region_ordinal`) VALUES
(1, 'Arica y Parinacota', 'XV'),
(2, 'Tarapacá', 'I'),
(3, 'Antofagasta', 'II'),
(4, 'Atacama', 'III'),
(5, 'Coquimbo', 'IV'),
(6, 'Valparaiso', 'V'),
(7, 'Metropolitana de Santiago', 'RM'),
(8, 'Libertador General Bernardo O\'Higgins', 'VI'),
(9, 'Maule', 'VII'),
(10, 'Biobío', 'VIII'),
(11, 'La Araucanía', 'IX'),
(12, 'Los Ríos', 'XIV'),
(13, 'Los Lagos', 'X'),
(14, 'Aisén del General Carlos Ibáñez del Campo', 'XI'),
(15, 'Magallanes y de la Antártica Chilena', 'XII');

-- --------------------------------------------------------

--
-- Estructura de tabla para la tabla `votos`
--

CREATE TABLE `votos` (
  `ID_Voto` int NOT NULL,
  `Nombre_Voto` varchar(255) CHARACTER SET utf8mb4 COLLATE utf8mb4_0900_ai_ci NOT NULL,
  `Alias_Voto` varchar(255) NOT NULL,
  `Rut_Voto` varchar(12) NOT NULL,
  `Email_Voto` varchar(255) NOT NULL,
  `ID_Candidato` int NOT NULL
) ENGINE=InnoDB DEFAULT CHARSET=utf8mb4 COLLATE=utf8mb4_0900_ai_ci;

--
-- Índices para tablas volcadas
--

--
-- Indices de la tabla `candidatos`
--
ALTER TABLE `candidatos`
  ADD PRIMARY KEY (`id_candidato`);

--
-- Indices de la tabla `comunas`
--
ALTER TABLE `comunas`
  ADD PRIMARY KEY (`comuna_id`),
  ADD KEY `provincia_id` (`provincia_id`);

--
-- Indices de la tabla `provincias`
--
ALTER TABLE `provincias`
  ADD PRIMARY KEY (`provincia_id`),
  ADD KEY `region_id` (`region_id`);

--
-- Indices de la tabla `referencia_voto`
--
ALTER TABLE `referencia_voto`
  ADD PRIMARY KEY (`ID_Referencia`);

--
-- Indices de la tabla `regiones`
--
ALTER TABLE `regiones`
  ADD PRIMARY KEY (`region_id`);

--
-- Indices de la tabla `votos`
--
ALTER TABLE `votos`
  ADD PRIMARY KEY (`ID_Voto`);

--
-- AUTO_INCREMENT de las tablas volcadas
--

--
-- AUTO_INCREMENT de la tabla `candidatos`
--
ALTER TABLE `candidatos`
  MODIFY `id_candidato` int NOT NULL AUTO_INCREMENT, AUTO_INCREMENT=692;

--
-- AUTO_INCREMENT de la tabla `comunas`
--
ALTER TABLE `comunas`
  MODIFY `comuna_id` int NOT NULL AUTO_INCREMENT, AUTO_INCREMENT=346;

--
-- AUTO_INCREMENT de la tabla `provincias`
--
ALTER TABLE `provincias`
  MODIFY `provincia_id` int NOT NULL AUTO_INCREMENT, AUTO_INCREMENT=54;

--
-- AUTO_INCREMENT de la tabla `referencia_voto`
--
ALTER TABLE `referencia_voto`
  MODIFY `ID_Referencia` int NOT NULL AUTO_INCREMENT;

--
-- AUTO_INCREMENT de la tabla `regiones`
--
ALTER TABLE `regiones`
  MODIFY `region_id` int NOT NULL AUTO_INCREMENT, AUTO_INCREMENT=16;

--
-- AUTO_INCREMENT de la tabla `votos`
--
ALTER TABLE `votos`
  MODIFY `ID_Voto` int NOT NULL AUTO_INCREMENT;
COMMIT;

/*!40101 SET CHARACTER_SET_CLIENT=@OLD_CHARACTER_SET_CLIENT */;
/*!40101 SET CHARACTER_SET_RESULTS=@OLD_CHARACTER_SET_RESULTS */;
/*!40101 SET COLLATION_CONNECTION=@OLD_COLLATION_CONNECTION */;
